﻿<?xml version="1.0" encoding="utf-8"?>
<Users>
  <User id="3">
    <ID>1</ID>
    <Name>Pat</Name>
    <WlKey>d0e02a8c03d6cce87b6dc498178a1a83</WlKey>
    <ImId>bcb7942db041e607@apps.messenger.live.com</ImId>
    <Subject>111</Subject>
    <Msg>2222</Msg>
  </User>
  <User id="3">
    <ID>2</ID>
    <Name>Michael</Name>
    <WlKey>02841e6658e3d82873774702f1315b69</WlKey>
    <ImId>c07295c0c98fd2f3@apps.messenger.live.com</ImId>
    <Subject>Can I post something?</Subject>
    <Msg>Yes! It is work! Ha! HA!</Msg>
  </User>
  <User id="3">
    <ID>3</ID>
    <Name>patrick</Name>
    <WlKey>2bb0855b3cae94a6bd1762f2093c60f7</WlKey>
    <ImId>72b7e8b17487dd5@apps.messenger.live.com</ImId>
    <Subject>my first event</Subject>
    <Msg>hahah</Msg>
  </User>
  <User id="0">
    <ID>4</ID>
    <Name>DQ Tester</Name>
    <WlKey>3a483de90939f93f34fc6af2fa7558e2</WlKey>
    <ImId>9ae0d65c1761639d@apps.messenger.live.com</ImId>
    <Subject>Try to break a record!!</Subject>
    <Msg>Try to break a record!!</Msg>
  </User>
  <User id="0">
    <ID>5</ID>
    <Name>DQ Gerry</Name>
    <WlKey>0e5be37637238de3f25ff64f59f8500b</WlKey>
    <ImId>d595844d622463e3@apps.messenger.live.com</ImId>
    <Subject>Gerry Event</Subject>
    <Msg>Gerry Event
Gerry Event</Msg>
  </User>
  <User id="0">
    <ID>6</ID>
    <Name>Kenneth</Name>
    <WlKey>eec4b56a26b7d886a4fb6123a83af48a</WlKey>
    <ImId>b0cd558c7ee7b996@apps.messenger.live.com</ImId>
    <Subject>Testing</Subject>
    <Msg>1234556676</Msg>
  </User>
  <User id="0">
    <ID>7</ID>
    <Name>Patrick wong</Name>
    <WlKey>d0e02a8c03d6cce87b6dc498178a1a83</WlKey>
    <ImId>bcb7942db041e607@apps.messenger.live.com</ImId>
    <Subject>Testing</Subject>
    <Msg>Testing</Msg>
  </User>
  <User id="0">
    <ID>8</ID>
    <Name>Patrick Wong</Name>
    <WlKey>d0e02a8c03d6cce87b6dc498178a1a83</WlKey>
    <ImId>bcb7942db041e607@apps.messenger.live.com</ImId>
    <Subject>testing event</Subject>
    <Msg>testing event</Msg>
  </User>
  <User id="0">
    <ID>9</ID>
    <Name>ghhg</Name>
    <WlKey>d0e02a8c03d6cce87b6dc498178a1a83</WlKey>
    <ImId>bcb7942db041e607@apps.messenger.live.com</ImId>
    <Subject>ghghg</Subject>
    <Msg>ghg</Msg>
  </User>
  <User id="0">
    <ID>10</ID>
    <Name>ghhg</Name>
    <WlKey>d0e02a8c03d6cce87b6dc498178a1a83</WlKey>
    <ImId>bcb7942db041e607@apps.messenger.live.com</ImId>
    <Subject>ghghg</Subject>
    <Msg>ghg</Msg>
  </User>
  <User id="0">
    <ID>11</ID>
    <Name>hjghjh</Name>
    <WlKey>2bb0855b3cae94a6bd1762f2093c60f7</WlKey>
    <ImId>72b7e8b17487dd5@apps.messenger.live.com</ImId>
    <Subject>hjm</Subject>
    <Msg>ghh</Msg>
  </User>
  <User id="0">
    <ID>12</ID>
    <Name>Hello</Name>
    <WlKey>02841e6658e3d82873774702f1315b69</WlKey>
    <ImId>c07295c0c98fd2f3@apps.messenger.live.com</ImId>
    <Subject>Can I post something?</Subject>
    <Msg>gdgxfcbx</Msg>
  </User>
  <User id="0">
    <ID>13</ID>
    <Name>xdf</Name>
    <WlKey>d0e02a8c03d6cce87b6dc498178a1a83</WlKey>
    <ImId>bcb7942db041e607@apps.messenger.live.com</ImId>
    <Subject>sdf</Subject>
    <Msg>sdf</Msg>
  </User>
</Users>