<?xml version="1.0" standalone="yes"?>
<Videos>
  <Video>
    <ID>1</ID>
    <DisplayName>sss</DisplayName>
    <UserID>d0e02a8c03d6cce87b6dc498178a1a83</UserID>
    <Votes>2</Votes>
    <PostDate>2008/03/13/ 16:10:31</PostDate>
    <Desc>test video</Desc>
    <Path>video6.wmv</Path>
  </Video>
  <Video>
    <ID>2</ID>
    <DisplayName>sss</DisplayName>
    <UserID>d0e02a8c03d6cce87b6dc498178a1a83</UserID>
    <Votes>15</Votes>
    <PostDate>2008/03/13/ 18:17:46</PostDate>
    <Desc>rrggff</Desc>
    <Path>video4.wmv</Path>
  </Video>
  <Video id="0">
    <ID>3</ID>
    <DisplayName>Michael</DisplayName>
    <UserID>02841e6658e3d82873774702f1315b69</UserID>
    <Votes>99</Votes>
    <PostDate>2008/03/14/ 18:20:11</PostDate>
    <Desc>Can I upload video?</Desc>
    <Path>Lake.wmv</Path>
  </Video>
  <Video id="0">
    <ID>4</ID>
    <DisplayName>Patrick</DisplayName>
    <UserID>d0e02a8c03d6cce87b6dc498178a1a83</UserID>
    <Votes>25</Votes>
    <PostDate>2008/03/28/ 17:12:06</PostDate>
    <Desc>sdf</Desc>
    <Path>daemon347.exe</Path>
  </Video>
</Videos>