<?xml version="1.0" encoding="utf-8"?>
<StoreData>
	<Brand id="Milano">
	  <ProductGroup id="Pants">
			<Product gender="Men" id="1" us_price="89">
				<Media>
					<VideoThumb id="1" url="thumbs/Milano_1.jpg"/>
					<MoreInfoThumbs>
						<Image id="1.1" url="thumbs/Milano_1_1.jpg"/>
						<Image id="1.2" url="thumbs/Milano_1_2.jpg"/>
						<Image id="1.3" url="thumbs/Milano_1_3.jpg"/>
					</MoreInfoThumbs>
					<Video id="1" url="/Milano_1.wmv"/>
				</Media>
				<Sizes>
					<us_en><![CDATA[46|48|50|52|54|56]]></us_en>
				</Sizes>
				<Colors>
					<us_en><![CDATA[Black|White]]></us_en>
				</Colors>
				<Descriptions>
					<us_en><![CDATA[White Casual chino pants - Sport line]]></us_en>
				</Descriptions>
				<Compositions>
					<us_en><![CDATA[100% Cotton]]></us_en>
				</Compositions>
			</Product>
		</ProductGroup>
		<ProductGroup id="Shirt">
			<Product gender="Men" id="2" us_price="134">
				<Media>
					<VideoThumb id="2" url="thumbs/Milano_2.jpg"/>
					<MoreInfoThumbs>
						<Image id="2.1" url="thumbs/Milano_2_1.jpg"/>
						<Image id="2.2" url="thumbs/Milano_2_2.jpg"/>
						<Image id="2.3" url="thumbs/Milano_2_3.jpg"/>
					</MoreInfoThumbs>
					<Video id="2" url="/Milano_2.wmv"/>
				</Media>
				<Sizes>
					<us_en><![CDATA[2|3|4|5|6]]></us_en>
				</Sizes>
				<Colors>
					<us_en><![CDATA[Red-white|Blue-white]]></us_en>
				</Colors>
				<Descriptions>
					<us_en><![CDATA[Red/white Vichy Pattern Shirt  - Sport line]]></us_en>
				</Descriptions>
				<Compositions>
					<us_en><![CDATA[100% Cotton]]></us_en>
				</Compositions>
			</Product>
		</ProductGroup>
		<ProductGroup id="Shoes">
			<Product gender="Men" id="3" us_price="185">
				<Media>
					<VideoThumb id="3" url="thumbs/Milano_3.jpg"/>
					<MoreInfoThumbs>
						<Image id="3.1" url="thumbs/Milano_3_1.jpg"/>
						<Image id="3.2" url="thumbs/Milano_3_2.jpg"/>
						<Image id="3.3" url="thumbs/Milano_3_3.jpg"/>
					</MoreInfoThumbs>
					<Video id="3" url="/Milano_3.wmv"/>
				</Media>
				<Sizes>
					<us_en><![CDATA[39|40|41|42|43|44]]></us_en>
				</Sizes>
				<Colors>
					<us_en><![CDATA[Black|Brown]]></us_en>
				</Colors>
				<Descriptions>
					<us_en><![CDATA[Brown suede shoes]]></us_en>
				</Descriptions>
				<Compositions>
					<us_en><![CDATA[100% Suede]]></us_en>
				</Compositions>
			</Product>
		</ProductGroup>
		<ProductGroup id="Jacket">
			<Product gender="Men" id="4" us_price="252">
				<Media>
					<VideoThumb id="4" url="thumbs/Milano_4.jpg"/>
					<MoreInfoThumbs>
						<Image id="4.1" url="thumbs/Milano_4_1.jpg"/>
						<Image id="4.2" url="thumbs/Milano_4_2.jpg"/>
						<Image id="4.3" url="thumbs/Milano_4_3.jpg"/>
					</MoreInfoThumbs>
					<Video id="4" url="/Milano_4.wmv"/>
				</Media>
				<Sizes>
					<us_en><![CDATA[46|48|50|52|54|56]]></us_en>
				</Sizes>
				<Colors>
					<us_en><![CDATA[Celeste|Navy|Brown]]></us_en>
				</Colors>
				<Descriptions>
					<us_en><![CDATA[Light Blue Jacket. Safari Model]]></us_en>
				</Descriptions>
				<Compositions>
					<us_en><![CDATA[100% Cotton]]></us_en>
				</Compositions>
			</Product>
		</ProductGroup>
		<ProductGroup id="Shirt">
			<Product gender="Men" id="5" us_price="104">
				<Media>
					<VideoThumb id="5" url="thumbs/Milano_4a.jpg"/>
					<MoreInfoThumbs>
						<Image id="5.1" url="thumbs/Milano_4a_1.jpg"/>
						<Image id="5.2" url="thumbs/Milano_4a_2.jpg"/>
						<Image id="5.3" url="thumbs/Milano_4a_3.jpg"/>
					</MoreInfoThumbs>
					<Video id="5" url="/Milano_4.wmv"/>
				</Media>
				<Sizes>
					<us_en><![CDATA[2|3|4|5|6]]></us_en>
				</Sizes>
				<Colors>
					<us_en><![CDATA[Blue|White]]></us_en>
				</Colors>
				<Descriptions>
					<us_en><![CDATA[Smart Casual White collar Shirt - Sport line]]></us_en>
				</Descriptions>
				<Compositions>
					<us_en><![CDATA[100% Cotton]]></us_en>
				</Compositions>
			</Product>
		</ProductGroup>
		<ProductGroup id="Pants">
			<Product gender="Men" id="6" us_price="104">
				<Media>
					<VideoThumb id="6" url="thumbs/Milano_5.jpg"/>
					<MoreInfoThumbs>
						<Image id="6.1" url="thumbs/Milano_5_1.jpg"/>
						<Image id="6.2" url="thumbs/Milano_5_2.jpg"/>
						<Image id="6.3" url="thumbs/Milano_5_3.jpg"/>
					</MoreInfoThumbs>
					<Video id="6" url="/Milano_5.wmv"/>
				</Media>
				<Sizes>
					<us_en><![CDATA[46|48|50|52|54|56]]></us_en>
				</Sizes>
				<Colors>
					<us_en><![CDATA[Beige|Brown|Blue|Black]]></us_en>
				</Colors>
				<Descriptions>
					<us_en><![CDATA[Pants: San Francisco Model]]></us_en>
				</Descriptions>
				<Compositions>
					<us_en><![CDATA[100% Cotton]]></us_en>
				</Compositions>
			</Product>
		</ProductGroup>
		<ProductGroup id="Shoes">
			<Product gender="Men" id="7" us_price="178">
				<Media>
					<VideoThumb id="7" url="thumbs/Milano_6.jpg"/>
					<MoreInfoThumbs>
						<Image id="7.1" url="thumbs/Milano_6_1.jpg"/>
						<Image id="7.2" url="thumbs/Milano_6_2.jpg"/>
						<Image id="7.3" url="thumbs/Milano_6_3.jpg"/>
					</MoreInfoThumbs>
					<Video id="7" url="/Milano_6.wmv"/>
				</Media>
				<Sizes>
					<us_en><![CDATA[39|40|41|42|43|44]]></us_en>
				</Sizes>
				<Colors>
					<us_en><![CDATA[Brown]]></us_en>
				</Colors>
				<Descriptions>
					<us_en><![CDATA[Brown Suede shoes]]></us_en>
				</Descriptions>
				<Compositions>
					<us_en><![CDATA[100% Suede]]></us_en>
				</Compositions>
			</Product>
		</ProductGroup>
		<ProductGroup id="Jacket">
			<Product gender="Men" id="8" us_price="267">
				<Media>
					<VideoThumb id="8" url="thumbs/Milano_7.jpg"/>
					<MoreInfoThumbs>
						<Image id="8.1" url="thumbs/Milano_7_1.jpg"/>
						<Image id="8.2" url="thumbs/Milano_7_2.jpg"/>
						<Image id="8.3" url="thumbs/Milano_7_3.jpg"/>
					</MoreInfoThumbs>
					<Video id="8" url="/Milano_7.wmv"/>
				</Media>
				<Sizes>
					<us_en><![CDATA[46|48|50|52|54|56]]></us_en>
				</Sizes>
				<Colors>
					<us_en><![CDATA[Beige|Blue|Black|Brown chocolate]]></us_en>
				</Colors>
				<Descriptions>
					<us_en><![CDATA[Jacket. New York Model]]></us_en>
				</Descriptions>
				<Compositions>
					<us_en><![CDATA[100% Cotton]]></us_en>
				</Compositions>
			</Product>
		</ProductGroup>
		<ProductGroup id="Pants">
			<Product gender="Men" id="9" us_price="89">
				<Media>
					<VideoThumb id="9" url="thumbs/Milano_8.jpg"/>
					<MoreInfoThumbs>
						<Image id="9.1" url="thumbs/Milano_8_1.jpg"/>
						<Image id="9.2" url="thumbs/Milano_8_2.jpg"/>
						<Image id="9.3" url="thumbs/Milano_8_3.jpg"/>
					</MoreInfoThumbs>
					<Video id="9" url="/Milano_8.wmv"/>
				</Media>
				<Sizes>
					<us_en><![CDATA[46|48|50|52|54|56]]></us_en>
				</Sizes>
				<Colors>
					<us_en><![CDATA[Navy]]></us_en>
				</Colors>
				<Descriptions>
					<us_en><![CDATA[Casual Navy Blue Pants. Jean color Model]]></us_en>
				</Descriptions>
				<Compositions>
					<us_en><![CDATA[100% Cotton]]></us_en>
				</Compositions>
			</Product>
		</ProductGroup>
		<ProductGroup id="Shirt">
			<Product gender="Men" id="10" us_price="74">
				<Media>
					<VideoThumb id="10" url="thumbs/Milano_9.jpg"/>
					<MoreInfoThumbs>
						<Image id="10.1" url="thumbs/Milano_9_1.jpg"/>
						<Image id="10.2" url="thumbs/Milano_9_2.jpg"/>
						<Image id="10.3" url="thumbs/Milano_9_3.jpg"/>
					</MoreInfoThumbs>
					<Video id="10" url="/Milano_9.wmv"/>
				</Media>
				<Sizes>
					<us_en><![CDATA[XS|S|M|L|XL|XXL]]></us_en>
				</Sizes>
				<Colors>
					<us_en><![CDATA[Blue/White|Red/Blue]]></us_en>
				</Colors>
				<Descriptions>
					<us_en><![CDATA[Short sleeved Shirt. Miliary Model]]></us_en>
				</Descriptions>
				<Compositions>
					<us_en><![CDATA[100% Cotton]]></us_en>
				</Compositions>
			</Product>
		</ProductGroup>
		<ProductGroup id="Pants">
			<Product gender="Men" id="11" us_price="104">
				<Media>
					<VideoThumb id="11" url="thumbs/Milano_10.jpg"/>
					<MoreInfoThumbs>
						<Image id="11.1" url="thumbs/Milano_10_1.jpg"/>
						<Image id="11.2" url="thumbs/Milano_10_2.jpg"/>
						<Image id="11.3" url="thumbs/Milano_10_3.jpg"/>
					</MoreInfoThumbs>
					<Video id="11" url="/Milano_10.wmv"/>
				</Media>
				<Sizes>
					<us_en><![CDATA[46|48|50|52|54|56]]></us_en>
				</Sizes>
				<Colors>
					<us_en><![CDATA[Navy|Black|Chocolate Brown]]></us_en>
				</Colors>
				<Descriptions>
					<us_en><![CDATA[Blue Navy Pants - Monaco Model]]></us_en>
				</Descriptions>
				<Compositions>
					<us_en><![CDATA[100% Cotton]]></us_en>
				</Compositions>
			</Product>
		</ProductGroup>
		<ProductGroup id="Sweater">
			<Product gender="Men" id="12" us_price="74">
				<Media>
					<VideoThumb id="12" url="thumbs/Milano_11.jpg"/>
					<MoreInfoThumbs>
						<Image id="12.1" url="thumbs/Milano_11_1.jpg"/>
						<Image id="12.2" url="thumbs/Milano_11_2.jpg"/>
						<Image id="12.3" url="thumbs/Milano_11_3.jpg"/>
					</MoreInfoThumbs>
					<Video id="12" url="/Milano_11.wmv"/>
				</Media>
				<Sizes>
					<us_en><![CDATA[XS|S|M|L|XL|XXL]]></us_en>
				</Sizes>
				<Colors>
					<us_en><![CDATA[Navy|Black|Green|Red|Purple|Pink]]></us_en>
				</Colors>
				<Descriptions>
					<us_en><![CDATA[Sport Line - Navy V neck sweater]]></us_en>
				</Descriptions>
				<Compositions>
					<us_en><![CDATA[100% Cotton]]></us_en>
				</Compositions>
			</Product>
		</ProductGroup>
		<ProductGroup id="Shirt">
			<Product gender="Men" id="13" us_price="67">
				<Media>
					<VideoThumb id="13" url="thumbs/Milano_11a.jpg"/>
					<MoreInfoThumbs>
						<Image id="13.1" url="thumbs/Milano_11a_1.jpg"/>
						<Image id="13.2" url="thumbs/Milano_11a_2.jpg"/>
						<Image id="13.3" url="thumbs/Milano_11a_3.jpg"/>
					</MoreInfoThumbs>
					<Video id="13" url="/Milano_11.wmv"/>
				</Media>
				<Sizes>
					<us_en><![CDATA[XS|S|M|L|XL|XXL]]></us_en>
				</Sizes>
				<Colors>
					<us_en><![CDATA[White|Navy|Green|Yellow|Orange|Grey|Black|Red]]></us_en>
				</Colors>
				<Descriptions>
					<us_en><![CDATA[White short sleeved polo shirt]]></us_en>
				</Descriptions>
				<Compositions>
					<us_en><![CDATA[100% Cotton]]></us_en>
				</Compositions>
			</Product>
		</ProductGroup>
		<ProductGroup id="Sweater">
			<Product gender="Men" id="14" us_price="74">
				<Media>
					<VideoThumb id="14" url="thumbs/Milano_12.jpg"/>
					<MoreInfoThumbs>
						<Image id="14.1" url="thumbs/Milano_12_1.jpg"/>
						<Image id="14.2" url="thumbs/Milano_12_2.jpg"/>
						<Image id="14.3" url="thumbs/Milano_12_3.jpg"/>
					</MoreInfoThumbs>
					<Video id="14" url="/Milano_12.wmv"/>
				</Media>
				<Sizes>
					<us_en><![CDATA[XS|S|M|L|XL|XXL]]></us_en>
				</Sizes>
				<Colors>
					<us_en><![CDATA[Blue|Black|Green|Red|Purple|Pink]]></us_en>
				</Colors>
				<Descriptions>
					<us_en><![CDATA[V-neck sweater]]></us_en>
				</Descriptions>
				<Compositions>
					<us_en><![CDATA[100% Cotton]]></us_en>
				</Compositions>
			</Product>
		</ProductGroup>
		<ProductGroup id="Shirt">
			<Product gender="Men" id="15" us_price="67">
				<Media>
					<VideoThumb id="15" url="thumbs/Milano_12a.jpg"/>
					<MoreInfoThumbs>
						<Image id="15.1" url="thumbs/Milano_12a_1.jpg"/>
						<Image id="15.2" url="thumbs/Milano_12a_2.jpg"/>
						<Image id="15.3" url="thumbs/Milano_12a_3.jpg"/>
					</MoreInfoThumbs>
					<Video id="15" url="/Milano_12.wmv"/>
				</Media>
				<Sizes>
					<us_en><![CDATA[XS|S|M|L|XL|XXL]]></us_en>
				</Sizes>
				<Colors>
					<us_en><![CDATA[White|Blue|Green|Yellow|Orange|Grey|Black|Red]]></us_en>
				</Colors>
				<Descriptions>
					<us_en><![CDATA[Grey Short-sleeved Polo Shirt]]></us_en>
				</Descriptions>
				<Compositions>
					<us_en><![CDATA[100% Cotton]]></us_en>
				</Compositions>
			</Product>
		</ProductGroup>
		<ProductGroup id="Pants">
			<Product gender="Men" id="16" us_price="104">
				<Media>
					<VideoThumb id="16" url="thumbs/Milano_13.jpg"/>
					<MoreInfoThumbs>
						<Image id="16.1" url="thumbs/Milano_13_1.jpg"/>

						<Image id="16.2" url="thumbs/Milano_13_2.jpg"/>
						<Image id="16.3" url="thumbs/Milano_13_3.jpg"/>
					</MoreInfoThumbs>
					<Video id="16" url="/Milano_13.wmv"/>
				</Media>
				<Sizes>
					<us_en><![CDATA[46|48|50|52|54|56]]></us_en>
				</Sizes>
				<Colors>
					<us_en><![CDATA[Navy|Black|Grey]]></us_en>
				</Colors>
				<Descriptions>
					<us_en><![CDATA[Dark grey Pants: San Francisco Model]]></us_en>
				</Descriptions>
				<Compositions>
					<us_en><![CDATA[100% Cotton]]></us_en>
				</Compositions>
			</Product>
		</ProductGroup>
		<ProductGroup id="Shoes">
			<Product gender="Men" id="17" us_price="178">
				<Media>
					<VideoThumb id="17" url="thumbs/Milano_14.jpg"/>
					<MoreInfoThumbs>
						<Image id="17.1" url="thumbs/Milano_14_1.jpg"/>
						<Image id="17.2" url="thumbs/Milano_14_2.jpg"/>
						<Image id="17.3" url="thumbs/Milano_14_3.jpg"/>
					</MoreInfoThumbs>
					<Video id="17" url="/Milano_14.wmv"/>
				</Media>
				<Sizes>
					<us_en><![CDATA[39|40|41|42|43|44]]></us_en>
				</Sizes>
				<Colors>
					<us_en><![CDATA[Black]]></us_en>
				</Colors>
				<Descriptions>
					<us_en><![CDATA[Black Shoes]]></us_en>
				</Descriptions>
				<Compositions>
					<us_en><![CDATA[100% Leather]]></us_en>
				</Compositions>
			</Product>
		</ProductGroup>
	</Brand>
</StoreData>